Settlement,Population,Estate,Ruler,Trade,Tags,Notes,Coordinates,Province_2515
Averheim,4,T,Grand Count Marius Leitdorf,"Trade, Agriculture, Cattle, Government",,Provincial Capital. Known for the stockyards outside the city.,,Averland
Friedendorf,98,V,Grand Count Leitdorf,"Agriculture, Cattle",,,,Averland
Hohenpölz,33,V,Grand Count Leitdorf,Subsistence,,,,Averland
Monheim,24,V,Grand Count Leitdorf,Subsistence,,,,Averland
Ruhgsdorf,94,V,Grand Count Leitdorf,"Agriculture, Cattle",,,,Averland
Sorghof,37,V,Grand Count Leitdorf,Subsistence,,,,Averland
Tannfeld,43,V,Grand Count Leitdorf,Subsistence,,,,Averland
Agbeiten,350,ST,Count Matthias von Grünwald,"Agriculture, Sheep",,Ferry across Upper Reik.,,Averland
Ensdorf,88,V,Count von Grünwald,Agriculture,,,,Averland
Naabeck,46,V,Count von Grünwald,Subsistence,,,,Averland
Sugenheim,42,V,Count von Grünwald,Subsistence,,,,Averland
Velburg,38,V,Count von Grünwald,Subsistence,,,,Averland
Bernloch,250,ST,Baroness Elise Alder,"Agriculture, Cheese",,,,Averland
Jehlfeld,52,V,Baroness Alder,Subsistence,,,,Averland
Theinhof,46,V,Baroness Alder,Subsistence,,,,Averland
Bieswang,320,ST,Baron Boris Ulbricht,Agriculture,,,,Averland
Hirshhügel,88,V,Baron Ulbricht,Agriculture,,,,Averland
Leuchau,38,V,Baron Ulbricht,Subsistence,,,,Averland
Walting,41,V,Baron Ulbricht,Subsistence,,,,Averland
Colmfähre,280,ST,Baron Sigmund Hindenberg,"Agriculture, Sheep",,,,Averland
Hüttenbach,28,V,Baron Hindenberg,Subsistence,,,,Averland
Ippesheim,33,V,Baron Hindenberg,Subsistence,,,,Averland
Merkelhausen,78,V,Baron Hindenberg,"Agriculture, Fishing",,,,Averland
Volsbach,35,V,Baron Hindenberg,Subsistence,,,,Averland
Dunkelhirsch,28,V,Abbot Fabisch,Subsistence,,,,Averland
Grenzstadt,3,T,Grand Count Marius Leitdorf,"Agriculture, Cattle, Subsistence, Metal, Fur",,,,Averland
Buch,92,V,Grand Count Leitdorf,Agriculture,,,,Averland
Dorfbach,45,V,Grand Count Leitdorf,Subsistence,,,,Averland
Ziegenhausen,42,V,Grand Count Leitdorf,Subsistence,,,,Averland
Hammelfels,33,V,Abbot Droevig,Subsistence,,Abbey of the Order of the Anvil.,,Averland
Kleinsdorf,30,V,Abbot Droevig,Agriculture,,,,Averland
Heideck,420,ST,Countess Magda Leitdorf,"Agriculture, Cattle",,,,Averland
Busbach,27,V,Countess Leitdorf,Subsistence,,,,Averland
Michelfeld,58,V,Countess Leitdorf,Agriculture,,,,Averland
Pressath,28,V,Countess Leitdorf,Subsistence,,,,Averland
Thurndorf,32,V,Countess Leitdorf,Subsistence,,,,Averland
Willenfeld,34,V,Countess Leitdorf,Subsistence,,,,Averland
Hocheleben,375,ST,Count von Grünwald,"Trade, Ore, Fur",,,,Averland
Creussen,54,V,Count von Grünwald,Agriculture,,,,Averland
Kulz,43,V,Count von Grünwald,Subsistence,,,,Averland
Meihern,37,V,Count von Grünwald,Agriculture,,,,Averland
Spalt,49,V,Count von Grünwald,Subsistence,,,,Averland
Lengenfeld,560,ST,Countess Carmilla von Sachs,"Agriculture, Cattle, Fishing",,,,Averland
Gebenbach,38,V,Countess von Sachs,Subsistence,,,,Averland
Mantel,60,V,Countess von Sachs,Agriculture,,,,Averland
Nenzenheim,58,V,Countess von Sachs,Agriculture,,,,Averland
Schmidmühlen,38,V,Countess von Sachs,Subsistence,,,,Averland
Longingbruck,850,ST,Countess Selena von Kusch,"Agriculture, Wine",,Largest temple in town is dedicated to Verena. temple in town is dedicated to Verena.,,Averland
Auhöfe,99,V,Countess von Kusch,Agriculture,,,,Averland
Gnotzheim,43,V,Countess von Kusch,Subsistence,,,,Averland
Kaltenbrunn,28,V,Countess von Kusch,Subsistence,,,,Averland
Kaunfeld,56,V,Countess von Kusch,,,,,Averland
Kessel,63,M,Countess von Kusch,,,,,Averland
Tandern,78,V,Countess von Kusch,Agriculture,,,,Averland
Zang,38,V,Countess von Kusch,Subsistence,,,,Averland
Merfeld,98,V,Baron Joachim Baum,Metal,,,,Averland
Staffelhügel,79,M,Baron Joachim Baum,"Mining, Ore",,,,Averland
Obernzenn,94,V,Baron Hannes von Mecklenburg,"Agriculture, Wine",,,,Averland
Pfofeld,455,ST,Countess Marlene von Alptraum,Agriculture,,Known for its porcelain crafts.,,Averland
Dittelbrunn,38,V,Countess von Alptraum,Subsistence,,,,Averland
Grettstadt,65,V,Countess von Alptraum,Agriculture,,,,Averland
Kleukbach,43,V,Countess von Alptraum,Subsistence,,,,Averland
Willershausen,76,V,Countess von Alptraum,"Agriculture, Wine",,,,Averland
Pfungzig,3,T,Count Dieter von Heine,"Trade, Agriculture, Cattle",,,,Averland
Dietfurt,28,V,Count von Heine,Subsistence,,,,Averland
Essing,68,V,Count von Heine,Agriculture,,,,Averland
Nennslingen,43,V,Count von Heine,Subsistence,,,,Averland
Solnhofen,39,V,Count von Heine,Subsistence,,,,Averland
Zell,76,V,Count von Heine,Agriculture,,,,Averland
Ritterbach,580,ST,Grandmaster Diehl von Ritterbach,"Agriculture, Cattle, Wine",,,,Averland
Botnang,29,V,Grandmaster von Ritterbach,Subsistence,,,,Averland
Ornbau,34,V,Grandmaster von Ritterbach,Subsistence,,,,Averland
Seckbach,88,V,Grandmaster von Ritterbach,Agriculture,,,,Averland
Streissen,3,T,Grand Count Marius Leitdorf,"Trade, Agriculture, Wine",,,,Averland
Dachbach,82,V,Grand Count Leitdorf,Agriculture,,,,Averland
Eining,45,V,Grand Count Leitdorf,Subsistence,,,,Averland
Kölleda,76,M,Grand Count Leitdorf,"Mining, Ore",,,,Averland
Kyffhäusen,72,M,Grand Count Leitdorf,"Mining, Ore",,,,Averland
Pilsach,77,V,Grand Count Leitdorf,Agriculture,,,,Averland
Rannstedt,32,V,Grand Count Leitdorf,Agriculture,,,,Averland
Ressing,28,V,Grand Count Leitdorf,Subsistence,,,,Averland
Siegenhausen,37,V,Grand Count Leitdorf,Subsistence,,,,Averland
Weltenhof,24,V,Grand Count Leitdorf,Subsistence,,,,Averland
Wuppertal,3,T,Count Kastor Leitdorf,"Trade, Agriculture, Woodcraft",,Ferry across Upper Reik.,,Averland
Demling,84,V,Count Kastor Leitdorf,Wine,,,,Averland
Gerzen,32,V,Count Kastor Leitdorf,Subsistence,,,,Averland
Hepwald,98,V,Count Kastor Leitdorf,Timber,,,,Averland
Mühlfeld,73,V,Count Kastor Leitdorf,"Agriculture, Wine",,,,Averland
Neuernhain,43,V,Count Kastor Leitdorf,Subsistence,,,,Averland
Schladitz,28,V,Count Kastor Leitdorf,Subsistence,,,,Averland
Thann,41,V,Count Kastor Leitdorf,Subsistence,,,,Averland
Breder,420,ST,Count Torsten von Schiller,"Trade, Metal",,,,Hochland
Mitteltief,80,M,Count von Schiller,"Mining, Ore",,,,Hochland
Eichewäldchen,74,V,,"Agriculture, Timber",,,,Hochland
Esk,57,M,Baron Aldebrand Ludenhof,Mining,,,,Hochland
Estorf,84,V,Baron Wolfram von Hutten,Timber,,,,Hochland
Langwiese,35,V,Baron von Hutten,Subsistence,,,,Hochland
Peckfitz,34,V,Baron von Hutten,"Government, Subsistence",,,,Hochland
Heteborn,62,V,Grand Baron Ludenhof,Agriculture,,,,Hochland
Pabstorf,59,V,Grand Baron Ludenhof,"Agriculture, Government",,,,Hochland
Roklum,71,V,Grand Baron Ludenhof,"Wool, Sheep",,,,Hochland
Satuelle,51,V,Grand Baron Ludenhof,Agriculture,,,,Hochland
Gruyden,95,V,Baron Gregor Auerbach,Agriculture,,,,Hochland
Barwedel,58,V,Baron Auerbach,Timber,,,,Hochland
Ditfurt,38,V,Baron Auerbach,Subsistence,,,,Hochland
Heedenhof,650,ST,Count Rudiger von Heeden,"Trade, Agriculture",,,,Hochland
Flaschfurt,88,V,Count von Heeden,Agriculture,,,,Hochland
Gerzen,76,V,Count von Heeden,"Agriculture, Timber",,,,Hochland
Hoym,45,V,Count von Heeden,Subsistence,,,,Hochland
Völpke,53,V,Count von Heeden,Subsistence,,,,Hochland
Koerin,77,M,Baron Reiner Landsteiner,"Mining, Ore",,,,Hochland
Krudenwald,3,T,Grand Baron Ludenhof,"Timber, Woodcraft",,,,Hochland
Garssen,41,V,Grand Baron Ludenhof,Agriculture,,,,Hochland
Hovelhof,49,V,Grand Baron Ludenhof,Timber,,,,Hochland
Selmigerholz,80,V,Grand Baron Ludenhof,Timber,,,,Hochland
Warnstedt,37,V,Grand Baron Ludenhof,Subsistence,,,,Hochland
Tussenhof,850,ST,Margrave Wolf von Tussen,"Trade, Agriculture, Timber",,Ferry across River Talabec.,,Hochland
Evessen,54,V,Margrave von Tussen,Subsistence,,,,Hochland
Lüthorst,98,V,Margrave von Tussen,Agriculture,,,,Hochland
Timmenrode,45,V,Margrave von Tussen,Subsistence,,,,Hochland
Ahlenhof,3,T,Baron Emil von Kotzebue,"Trade, Agriculture, Cattle, Timber",,Ferry across River Talabec.,,Middenland
Holtorf,46,V,Baron von Kotzebue,Subsistence,,,,Middenland
Laer,98,V,Baron von Kotzebue,"Agriculture, Timber",,,,Middenland
Suderberg,79,V,Baron von Kotzebue,Agriculture,,,,Middenland
Arenshausen,95,V,Baron Reiner Todbringer,"Timber, Woodcraft",,,,Middenland
Bokel,98,V,Baron Gebhard Nikse,Agriculture,,,,Middenland
Bröckel,350,ST,Count Ehrhardt von Wartburg,"Trade, Agriculture, Timber",,,,Middenland
Guthügel,48,V,Count von Wartburg,Subsistence,,,,Middenland
Kupfergrube,74,V,Count von Wartburg,"Agriculture, Cattle",,,,Middenland
Bruena,88,V,Baron Uhler Baader,Agriculture,,,,Middenland
Calden,96,V,Baron Gunnar Kaserburg,Agriculture,,,,Middenland
Waldhügel,85,M,Baron Kaserburg,Mining,,,,Middenland
Deinste,270,ST,Margrave Waldemar von Streissen,"Trade, Agriculture, Timber",,,,Middenland
Brackel,46,V,Margrave von Streissen,Subsistence,,,,Middenland
Kaserburg,76,V,Margrave von Streissen,Agriculture,,,,Middenland
Winsen,88,V,Margrave von Streissen,Agriculture,,,,Middenland
Fassberg,98,V,Baroness Marlene Driesch,"Agriculture, Timber",,,,Middenland
Fintel,87,V,Baron Ludolf von Bildhofen,,,,,Middenland
Grimminhügel,2,T,Graf Elster Sternhauer,"Timber, Woodcraft",,,,Middenland
Fenshausen,75,V,Graf Sternhauer,Subsistence,,,,Middenland
Harsum,82,V,Graf Sternhauer,"Wool, Sheep",,,,Middenland
Raschelhof,64,V,Graf Sternhauer,Subsistence,,,,Middenland
Wenbach,78,V,Graf Sternhauer,Agriculture,,,,Middenland
Grossfurre,88,V,Baroness Irina Richthofen,"Agriculture, Cattle",,,,Middenland
Grubentreich,88,V,Graf Todbringer,"Agriculture, Sheep",,,,Middenland
Isenbüttel,92,V,Grandmaster Manfred von Tirpitz,Agriculture,,,,Middenland
Kammendun,28,V,Graf Todbringer,"Fishing, Mining",,,,Middenland
Kastof,84,V,Baron Torsten Kusch,Agriculture,,,,Middenland
Kutenholz,450,ST,Count Artur von Kutenholz,"Agriculture, Cheese",,,,Middenland
Hopsten,65,V,Count von Kutenholz,Agriculture,,,,Middenland
Metelen,52,V,Count von Kutenholz,Subsistence,,,,Middenland
Leichlinberg,72,V,Graf Todbringer,Agriculture,,,,Middenland
Malstedt,450,ST,Countess Klara von Neurath,"Trade, Agriculture, Metal",,,,Middenland
Borghorst,57,V,Countess von Neurath,Subsistence,,,,Middenland
Nordwalde,83,V,Countess von Neurath,"Agriculture, Sheep",,,,Middenland
Plockhorst,125,M,Countess von Neurath,Mining,,,,Middenland
Mittelweg,480,ST,Count Heinrich von Uder,"Trade, Agriculture",,,,Middenland
Basdahl,88,V,Count von Uder,"Agriculture, Cattle",,,,Middenland
Engden,54,V,Count von Uder,Subsistence,,,,Middenland
Saerbeck,46,V,Count von Uder,Subsistence,,,,Middenland
Middenstag,200,F,Graf Todbringer,Government,,,,Middenland
Pritzstock,48,V,Graf Todbringer,"Agriculture, Wine",,,,Middenland
Rosche,89,V,Baron Simon Bethe,Agriculture,,,,Middenland
Scheinfeld,850,ST,Countess Kirsten von Goethe,"Trade, Agriculture, Fishing",,monastery two miles to the east of town.,,Middenland
Hupstedt,95,V,Countess von Goethe,"Agriculture, Timber",,,,Middenland
Uder,92,V,Countess von Goethe,"Agriculture, Fishing",,,,Middenland
Schoppendorf,3,T,Count Albers Wasserbad,Timber,,Ferry across River Talabec.,,Middenland
Cornau,48,V,Count Wasserbad,Agriculture,,,,Middenland
Eisenweiler,82,M,Count Wasserbad,"Mining, Ore",,,,Middenland
Eldagsen,90,V,Count Wasserbad,"Agriculture, Timber",,,,Middenland
Haldem,54,V,Count Wasserbad,Subsistence,,,,Middenland
Langförden,78,V,Count Wasserbad,"Agriculture, Timber",,,,Middenland
Sokh,41,V,Graf Todbringer,Subsistence,,,,Middenland
Sottrum,525,ST,Count Erich Finkelstein,"Trade, Agriculture, Sheep",,,,Middenland
Füchtorf,34,V,Count Finkelstein,Subsistence,,,,Middenland
Hiddingsel,84,V,Count Erich Finkelstein,Agriculture,,,,Middenland
Milte,47,V,Count Erich Finkelstein,Subsistence,,,,Middenland
Untergard,82,V,Assembly,Agriculture,,,,Middenland
Carroburg,4,T,,"Trade, Pottery",,provincial capital of Middenland (when independent of Middenheim) until end of 2514. Former provincial capital of Middenland (when independent of Middenheim) until end of 2514.,,Middenland
Anseldorf,56,V,Duke von Bildhofen,Agriculture,,,,Middenland
Barenfähre,80,V,Duke von Bildhofen,Fishing,,,,Middenland
Dunkelbild,67,V,Duke von Bildhofen,Timber,,,,Middenland
Eslohe,45,V,Duke von Bildhofen,Subsistence,,,,Middenland
Hausel,115,ST,Duke von Bildhofen,Timber,,,,Middenland
Punzen,57,V,Duke von Bildhofen,Agriculture,,,,Middenland
Schattenlas,54,V,Duke von Bildhofen,Subsistence,,,,Middenland
Senden,45,V,Duke von Bildhofen,Subsistence,,,,Middenland
Tannbruck,52,V,Duke von Bildhofen,Subsistence,,,,Middenland
Weidemarkt,61,V,Duke von Bildhofen,"Agriculture, Fishing, Wine",,,,Middenland
Delberz,3,T,Graf Todbringer,"Timber, Wine",,Ferry across River Delb.,,Middenland
Bevern,32,V,Graf Todbringer,Subsistence,,,,Middenland
Mittelmund,35,V,Graf Todbringer,Agriculture,,,,Middenland
Nortrup,31,V,Graf Todbringer,Subsistence,,,,Middenland
Schwarzmarkt,61,V,Graf Todbringer,Agriculture,,,,Middenland
Turmgever,53,V,Graf Todbringer,Timber,,,,Middenland
T=,3,T,Assembly,"Trade, Agriculture, Government, Beer, Cheese",,Provincial Capital. Ferry across Aver Reach.,,Mootland
Dietershafen,212,ST,Baron Ludolf Köhler,"Agriculture, Fishing",,,,Nordland
Burkal,65,V,Baron Köhler,Agriculture,,,,Nordland
Hørup,52,V,Baron Köhler,Fishing,,,,Nordland
Skovby,38,V,Baron Köhler,Subsistence,,,,Nordland
Frote,3,T,Grand Baron Theodoric Gausser,"Trade, Timber",,,,Nordland
Dorfmark,84,V,Grand Baron Gausser,Agriculture,,,,Nordland
Dünsen,98,V,Grand Baron Gausser,Agriculture,,,,Nordland
Marklohe,78,V,Grand Baron Gausser,Timber,,,,Nordland
Hargendorf,234,ST,Baron Gunther von Hargenfels,"Fishing, Wool, Sheep",,,,Nordland
Beilen,28,V,Baron von Hargenfels,Subsistence,,,,Nordland
Schlaghügel,,V,Baron von Hargenfels,,,,,Nordland
Ueblingen,73,V,Baron von Hargenfels,Agriculture,,,,Nordland
Hüven,98,V,Baron Luitpold Nikse,"Agriculture, Woodcraft",,,,Nordland
Luftberg,98,V,Baron Ewald von Laue,"Trade, Timber, Fishing",,,,Nordland
Heiligdorf,32,V,Grand Baron Gausser,"Agriculture, Fishing",,,,Nordland
Kustlandhaus,45,F,Grand Baron Gausser,Government,,,,Nordland
Manaansheim,35,F,,Subsistence,,Monastery of the Order of the Triton situated on a small island in the Drosselspule Bay.,,Nordland
Nysted,38,V,Grand Baron Gausser,Fishing,,,,Nordland
Norden,3,T,Baron Ottmar von Neurath,"Trade, Fishing",,Former Ostlander Barony ceded to Nordland in aftermath of 2514 civil war.,,Nordland
Beelen,82,V,Baron von Neurath,"Agriculture, Sheep",,,,Nordland
Gelting,46,V,Baron von Neurath,Sheep,,,,Nordland
Kreideklippe,88,V,Baron von Neurath,Fishing,,,,Nordland
Salzmorast,28,V,Baron von Neurath,Subsistence,,,,Nordland
Schuten,78,V,Baron Helmuth Adenauer,Agriculture,,,,Nordland
Seuchenshof,28,V,,Subsistence,,,,Nordland
Skjaldberg,87,V,Baron Arne Nikse,Agriculture,,,,Nordland
Stavern,220,ST,Baroness Anika Kalb,"Agriculture, Woodcraft",,,,Nordland
Alfhausen,82,V,Baroness Kalb,"Agriculture, Timber",,,,Nordland
Zweedorf,78,V,Baroness Kalb,Agriculture,,,,Nordland
Varrel,98,V,,Agriculture,,,,Nordland
Wilhelmskoog,84,V,Baron Justus Wittig,Fishing,,,,Nordland
Ockholm,56,V,Baron Wittig,"Trade, Government, Timber, Subsistence, Woodcraft",,Provincial capital. Monastery of Sigmarite Order of the Anvil located nearby.,,Nordland
Bechafen,4,T,,"Trade, Agriculture, Government, Timber",,Provincial capital.,,Ostermark
Dorna,98,V,,"Agriculture, Timber",,,,Ostermark
Kruganhof,32,V,,Subsistence,,,,Ostermark
Münkenhof,86,V,,"Agriculture, Fishing",,,,Ostermark
Pausin,29,V,,Subsistence,,,,Ostermark
Reitwein,45,V,,Agriculture,,,,Ostermark
Rugenbuttle,42,V,,Subsistence,,,,Ostermark
Biersalhof,76,V,,Agriculture,,,,Ostermark
Bissendorf,112,ST,Baron Stefan Husserl,"Agriculture, Timber",,Ferry across River Stir.,,Ostermark
Frohneu,34,V,Baron Husserl,Subsistence,,,,Ostermark
Geibsdorf,46,V,Baron Husserl,,,,,Ostermark
Storkow,41,V,Baron Husserl,Subsistence,,,,Ostermark
Tauer,38,V,Baron Husserl,Subsistence,,,,Ostermark
Blutfurt,91,V,,Agriculture,,,,Ostermark
Gielsdorf,42,V,,Agriculture,,,,Ostermark
Borkum,96,V,Baroness Sigrid Renner,Agriculture,,Known for its sharp goat cheese.,,Ostermark
Lanke,54,V,Baroness Renner,Agriculture,,,,Ostermark
Burgenhof,89,V,Baroness Carmilla von Burgenfels,"Agriculture, Sheep",,,,Ostermark
Dolzschen,124,ST,Baron Gerd Bürger,"Agriculture, Timber",,,,Ostermark
Tolkewitz,34,V,Baron Bürger,Subsistence,,,,Ostermark
Durben,58,V,,Sheep,,,,Ostermark
Eisental,550,ST,Margrave Hermann Mach,"Agriculture, Wool, Sheep",,,,Ostermark
Mielau,72,V,Margrave Mach,Agriculture,,,,Ostermark
Nachtdorf,84,V,Margrave Mach,Agriculture,,,,Ostermark
Osterwald,98,V,Margrave Mach,Agriculture,,,,Ostermark
Essen,88,V,Margrave Gotthold Schurz,Agriculture,,,,Ostermark
Krewelin,45,V,Margrave Schurz,Subsistence,,,,Ostermark
Zühlsdorf,53,V,Margrave Schurz,Agriculture,,,,Ostermark
Fichetal,91,V,Baron Heinz von Fichtetal,"Agriculture, Cattle",,,,Ostermark
Fortenhaf,96,V,Margrave Konrad Röntgen,"Agriculture, Timber",,,,Ostermark
Gerdouen,84,V,Margrave Röntgen,Agriculture,,,,Ostermark
Rheden,56,V,Margrave Röntgen,Subsistence,,,,Ostermark
Fulnek,94,V,Baron Teodor Lichnice,Agriculture,,centre of Malá Louka.,,Ostermark
Bouzou,76,V,Baron Lichnice,"Sheep, Cheese",,,,Ostermark
Hodonín,82,V,Baron Lichnice,Agriculture,,,,Ostermark
Slatina,54,V,Baron Lichnice,Subsistence,,,,Ostermark
Heffengen,95,V,Margrave Richard Dornier,"Agriculture, Cheese",,Known for its Horse Market.,,Ostermark
Brunfähre,48,V,Margrave Dornier,Subsistence,,,,Ostermark
Elbing,56,V,Margrave Dornier,Subsistence,,,,Ostermark
Zeisholz,42,V,Margrave Dornier,Subsistence,,,,Ostermark
Kiel,73,V,Baron Emil von Kiel,Agriculture,,,,Ostermark
Dissellhof,31,V,Baron von Kiel,Subsistence,,,,Ostermark
Ottilocac,36,V,Baron von Kiel,Subsistence,,,,Ostermark
Kubel,82,V,Baroness Agnes Gutzkow,Agriculture,,,,Ostermark
Leszken,78,V,Baron Maximilian Thopia,"Agriculture, Sheep",,Temple of Myrmidia located in town.,,Ostermark
Beetz,34,V,Baron Thopia,Subsistence,,,,Ostermark
Diehlo,28,V,Baron Thopia,Subsistence,,,,Ostermark
Lüsse,78,V,Baron Thopia,Agriculture,,,,Ostermark
Nagenhof,850,ST,Count Edmund von Blücher,"Agriculture, Wool, Sheep",,,,Ostermark
Buckow,83,V,Count von Blücher,Agriculture,,,,Ostermark
Börnicke,33,V,Count von Blücher,Subsistence,,,,Ostermark
Weiler,25,V,Count von Blücher,Subsistence,,,,Ostermark
Remer,625,ST,Margrave Oswald Cranach,"Agriculture, Cattle",,,,Ostermark
Pieskow,37,V,Margrave Cranach,Subsistence,,,,Ostermark
Spreeau,29,V,Margrave Cranach,Subsistence,,,,Ostermark
Zeisholz,45,V,Margrave Cranach,Subsistence,,,,Ostermark
Rhebulas,75,V,,Agriculture,,,,Ostermark
Meisad,32,V,,Subsistence,,,,Ostermark
Okram,28,V,,Subsistence,,,,Ostermark
Rundespitze,88,V,Baron Siegfried von Weissbirke,Agriculture,,,,Ostermark
Saratokas,58,V,,Subsistence,,,,Ostermark
Seuthes,74,V,Baron Erich Rilke,Agriculture,,,,Ostermark
Durres,36,V,Baron Rilke,Subsistence,,,,Ostermark
Sitlakes,73,V,Baron Hergard Ehrlich,Agriculture,,,,Ostermark
Terres,31,V,Baron Ehrlich,Subsistence,,,,Ostermark
Trautenau,56,V,Baron Axel Trautenau Nebelsfeur,Subsistence,,,,Ostermark
Bökenhof,190,ST,Baron Holger Fröbel,"Agriculture, Timber",,,,Ostland
Krausnick,54,V,Baron Fröbel,Subsistence,,,,Ostland
Uetz,49,V,Baron Fröbel,Subsistence,,,,Ostland
Boven,98,V,Baron Mayer Schnabel,"Agriculture, Government",,Guards border crossing into northern Hochland.,,Ostland
Ferlangen,3,T,,"Trade, Timber",,,,Ostland
Aukrug,32,V,,Subsistence,,,,Ostland
Dunkelpfad,98,M,,Mining,,,,Ostland
Fleckeby,55,V,,Agriculture,,,,Ostland
Hasselhund,72,V,Count Edmund von Strachen,Agriculture,,,,Ostland
Cammer,45,V,Count von Strachen,Subsistence,,,,Ostland
Strüdel,76,V,Count von Strachen,Agriculture,,,,Ostland
Trillheim,380,ST,Count von Strachen,"Trade, Agriculture",,,,Ostland
Werbig,62,V,Count von Strachen,Subsistence,,,,Ostland
Gauschdorf,250,F,Margrave Manfred Bothe,"Agriculture, Government",,,,Ostland
Göhren,34,V,Margrave Bothe,Subsistence,,,,Ostland
Mönkebunde,42,V,Margrave Bothe,Fishing,,,,Ostland
Zinnowitz,48,V,Margrave Bothe,Fishing,,,,Ostland
Kienbaum,94,V,Baron Oswald Lynen,"Agriculture, Timber",,,,Ostland
Levudaldorf,88,V,Count Konstantin von Pirkheimer,"Trade, Agriculture",,Centre of hemp warehousing.,,Ostland
Kurst,95,V,Count von Pirkheimer,Agriculture,,,,Ostland
Rambow,46,V,Count von Pirkheimer,Subsistence,,,,Ostland
Trebatsch,57,V,Count von Pirkheimer,Agriculture,,,,Ostland
Mierăch,250,ST,Baron Alberich Virchow,"Agriculture, Sheep",,known for its shrines to Mórr.,,Ostland
Sibiu,78,V,Baron Virchow,Subsistence,,,,Ostland
Sighisoara,86,V,Baron Virchow,Agriculture,,,,Ostland
Suceva,82,V,Baron Virchow,Subsistence,,,,Ostland
Öbelstein,69,V,Count Otto von Öbelstein,"Agriculture, Timber",,,,Ostland
Penzfin,76,V,Baron Bernd Guderian,Agriculture,,,,Ostland
Regensdorf,75,V,Baron Gotthold Ennum,Agriculture,,,,Ostland
Roezfels,225,F,Margrave Quintus von Döbreiner,"Agriculture, Government",,Guards passes through Middle Mountains to Hochland.,,Ostland
Bardenitz,63,V,Margrave von Döbreiner,Agriculture,,,,Ostland
Haseloff,45,V,Margrave von Döbreiner,Subsistence,,,,Ostland
Wöllnau,52,V,Margrave von Döbreiner,Agriculture,,,,Ostland
Salkalten,2,T,Baron Gustav von Wolder,Fishing,,,,Ostland
Günz,34,V,Baron von Wolder,Subsistence,,,,Ostland
Karnin,42,V,Baron von Wolder,Subsistence,,,,Ostland
Stahlbrode,38,V,Baron von Wolder,Subsistence,,,,Ostland
Verborgenbucht,76,V,Baron von Wolder,Fishing,,,,Ostland
Schönfeld,300,F,Margrave Dietrich Meitner,"Agriculture, Government",,,,Ostland
Boock,98,V,Margrave Meitner,Agriculture,,,,Ostland
Hohenlandin,68,V,Margrave Meitner,Agriculture,,,,Ostland
Wolletz,83,V,Margrave Meitner,"Agriculture, Cattle",,,,Ostland
Smallhof,82,V,Baron Barthold Steinmetz,"Agriculture, Timber",,,,Ostland
Steinhof,98,V,Margrave Lukas Suttner,Agriculture,,,,Ostland
Wurzen,430,ST,Baron Pleskai von Wallenstein,"Trade, Cattle, Timber, Cheese",,Ferry across River Talabec.,,Ostland
Csenger,45,V,Baron von Wallenstein,Agriculture,,,,Ostland
Dorog,84,V,Baron von Wallenstein,Cattle,,,,Ostland
Zundap,82,V,Baron Klemens Gauss,"Agriculture, Timber",,,,Ostland
Lubrecht,930,ST,Baron Heinz Kesselring,"Trade, Agriculture, Cattle",,,,Ostland
Demnitz,85,V,Baron Kesselring,Agriculture,,,,Ostland
Kolburg,54,V,Baron Kesselring,"Agriculture, Timber",,,,Ostland
Steinbeck,46,V,Baron Kesselring,Agriculture,,,,Ostland
Wulkow,72,M,Baron Kesselring,"Trade, Agriculture, Government, Mining, Subsistence",,,,Ostland
T=,,T,,,,,,Reikland
Altdorf,5,CS,Emperor Karl Franz I Holswig Schliestein,"Trade, Government",,,,Reikland
Autler,81,V,Emperor 81,"Timber, Fishing",,,,Reikland
Blutroch,2511,ST,Emperor 0,,,,,Reikland
Braunwurt,52,V,Emperor 52,Textiles,,,,Reikland
Bundesmarkt,77,V,Emperor 77,Agriculture,,,,Reikland
Dorchen,75,V,Emperor 75,Agriculture,,,,Reikland
Frederheim,75,V,Emperor 75,Agriculture,,,,Reikland
Furtild,53,V,Emperor 53,"Subsistence, Fur",,,,Reikland
Geldrecht,49,V,Emperor 49,"Timber, Fishing",,,,Reikland
Gluckshalt,72,V,Emperor 72,Agriculture,,,,Reikland
Grossbad,69,V,Emperor 69,Agriculture,,,,Reikland
Hartsklein,65,V,Emperor 65,Pottery,,,,Reikland
Heiligen,58,V,Emperor 58,Agriculture,,,,Reikland
Hochloff,81,V,Emperor 81,Agriculture,,,,Reikland
Kaldach,52,V,Emperor 52,Subsistence,,,,Reikland
Rechtlich,42,V,Emperor 42,Subsistence,,,,Reikland
Rottefach,88,V,Emperor 88,"Agriculture, Fishing, Wine",,,,Reikland
Schlafebild,38,V,Emperor 38,"Agriculture, Wine",,,,Reikland
Teufelfeuer,,V,Emperor 0,Wine,,,,Reikland
Walfen,152,ST,Emperor 152,"Agriculture, Government, Fishing",,Ferry across River Reik GAZETTEER OF THE GRAND PRINCIPALITY OF REIKLAND (cont.,,Reikland
Dunkelburg,2,T,,Agriculture,,,,Reikland
Barfsheim,52,V,Emperor 52,Subsistence,,,,Reikland
Gemusenbad,31,V,Emperor 31,Subsistence,,,,Reikland
Harke,25,V,Emperor 25,Subsistence,,,,Reikland
Ruhfurt,64,V,Emperor 64,Agriculture,,,,Reikland
Schattental,72,V,Emperor 72,Agriculture,,,,Reikland
Steindorf,47,V,Emperor 47,Subsistence,,,,Reikland
Diesdorf,150,ST,Emperor 150,Agriculture,,,,Reikland
Eilhart,3,T,Graf Johann von Hardenburg,"Agriculture, Wine",,,,Reikland
Grefrath,84,V,Graf von Hardenburg,Agriculture,,,,Reikland
Hardenburg,98,V,Graf von Hardenburg,"Agriculture, Wine",,,,Reikland
Martloch,34,V,Graf von Hardenburg,Subsistence,,,,Reikland
Grunburg,2,T,,Trade,,,,Reikland
Aussen,43,V,Emperor 43,Subsistence,,,,Reikland
Hornlach,74,V,Emperor 74,"Timber, Fishing",,,,Reikland
Kleindorf,35,V,Emperor 35,"Agriculture, Fishing",,,,Reikland
Silberwurt,85,V,Emperor 85,Agriculture,,,,Reikland
Wörlitz,88,V,Emperor 88,Agriculture,,,,Reikland
Helmgart,2,T,,"Trade, Ore",,,,Reikland
Holthusen,3,T,Graf Bernhard Leutze,"Agriculture, Wine, Wool",,,,Reikland
Arzfeld,44,V,Graf Leutze,Subsistence,,,,Reikland
Lasel,88,V,Graf Leutze,Agriculture,,,,Reikland
Steinborn,76,V,Graf Leutze,Sheep,,,,Reikland
Merxheim,450,ST,Baroness Sophia von Kusch,"Agriculture, Timber",,,,Reikland
Breithardt,48,V,Baroness von Kusch,Subsistence,,,,Reikland
Rüber,77,V,Baroness von Kusch,Agriculture,,,,Reikland
Mörlenfurt,250,ST,Grandmaster Theodor von Bülow,"Agriculture, Wine, Metal",,,,Reikland
Bülow,88,V,Grandmaster von Bülow,Agriculture,,,,Reikland
Tiefenbach,48,V,Grandmaster von Bülow,Subsistence,,,,Reikland
Osburg,210,ST,,"Agriculture, Cattle",,,,Reikland
Kelz,55,V,,Subsistence,,,,Reikland
Sevelen,48,V,,Subsistence,,,,Reikland
Reinsfeld,98,V,Baron Martin Otterbein,"Agriculture, Timber",,,,Reikland
Rottfurt,98,V,Emperor 98,Sheep,,,,Reikland
Schilderheim,3,T,Graf Robert von Uhland,"Trade, Agriculture, Fishing",,,,Reikland
Batenbrock,46,V,Graf Robert von Uhland,Subsistence,,,,Reikland
Noithausen,82,V,Graf Robert von Uhland,Agriculture,,,,Reikland
Uhland,96,V,Graf Robert von Uhland,Agriculture,,,,Reikland
Zons,38,V,Graf Robert von Uhland,Subsistence,,,,Reikland
Stimmigen,3,T,Graf Heinrich von Falkenhayn,"Trade, Agriculture",,,,Reikland
Lachenbad,58,V,Graf von Falkenhayn,Subsistence,,,,Reikland
Merretheim,48,V,Graf von Falkenhayn,Subsistence,,,,Reikland
Misthausen,32,V,Graf von Falkenhayn,Subsistence,,,,Reikland
Naffdorf,52,V,Graf von Falkenhayn,Subsistence,,,,Reikland
Pfeiffer,42,V,Graf von Falkenhayn,Subsistence,,,,Reikland
Ubersreik,4,T,Graf Sigismund von Jungfreud,"Trade, Metal, Ore",,,,Reikland
Buchedorf,58,V,Graf von Jungfreud,"Agriculture, Fishing, Metal",,,,Reikland
Flussberg,62,V,Graf von Jungfreud,"Agriculture, Fishing",,,,Reikland
Geissbach,46,V,Graf von Jungfreud,Agriculture,,,,Reikland
Halheim,30,V,Graf von Jungfreud,Subsistence,,,,Reikland
Hugeldal,250,M,Graf von Jungfreud,Mining,,,,Reikland
Messingen,80,V,Graf von Jungfreud,"Agriculture, Metal",,,,Reikland
Wurfel,52,V,Graf von Jungfreud,Agriculture,,,,Reikland
Ussingen,182,ST,Baron Justus Francke,"Cattle, Cheese",,,,Reikland
Hähn,82,V,Baron Francke,Agriculture,,,,Reikland
Külz,51,V,Baron Francke,Subsistence,,,,Reikland
Weissbruck,272,ST,,Trade,,,,Reikland
Delfgruber,650,M,,Mining,,,,Reikland
Wittgendorf,120,ST,Baroness Magritta von Wittgenstein,Subsistence,,,,Reikland
Wörlitz,86,V,Baron Herpin Klasen,"Timber, Fishing",,,,Reikland
Auerswald,3,T,Graf Ferdinand von Wallenstein,"Trade, Ore",,,,Reikland
Dresschler,63,V,Graf von Wallenstein,"Agriculture, Fishing",,,,Reikland
Gladisch,41,V,Graf von Wallenstein,Subsistence,,,,Reikland
Hahnbrandt,200,M,Graf von Wallenstein,Mining,,,,Reikland
Koch,95,V,Graf von Wallenstein,"Agriculture, Ore",,,,Reikland
Sprinthof,73,V,Graf von Wallenstein,"Agriculture, Cheese",,,,Reikland
Steche,61,V,Graf von Wallenstein,"Agriculture, Fishing",,,,Reikland
Bögenhafen,3,T,Graf Wilhelm von Saponatheim,"Trade, Timber, Wine",,,,Reikland
Ardlich,72,V,Graf von Saponatheim,"Agriculture, Government",,,,Reikland
Finsterbad,82,V,Graf von Saponatheim,"Agriculture, Fishing, Wine",,,,Reikland
Grubevon,57,V,Graf von Saponatheim,Agriculture,,,,Reikland
Herzhald,73,V,Graf von Saponatheim,"Trade, Agriculture, Timber, Fishing, Wine",,,,Reikland
Wurtbad,4,T,Graf Alberich Haupt Anderssen,"Trade, Agriculture, Government, Wine",,Provincial Capital. Bridge across River Stir.,,Stirland
Autenau,62,V,Graf Haupt Anderssen,"Agriculture, Wine",,,,Stirland
Biberhof,85,V,Graf Haupt Anderssen,"Agriculture, Timber",,,,Stirland
Giering,88,V,Graf Haupt Anderssen,"Agriculture, Wool, Sheep",,,,Stirland
Josefstadt,78,V,Graf Haupt Anderssen,"Agriculture, Wine",,,,Stirland
Julbach,43,V,Graf Haupt Anderssen,Subsistence,,,,Stirland
Oberwil,89,V,Graf Haupt Anderssen,"Agriculture, Fishing",,,,Stirland
Penzing,45,V,Graf Haupt Anderssen,Sheep,,,,Stirland
Seyring,38,V,Graf Haupt Anderssen,Subsistence,,,,Stirland
Steingraz,464,ST,Graf Haupt Anderssen,"Metal, Ore",,,,Stirland
Tarshof,72,V,Graf Haupt Anderssen,"Agriculture, Sheep",,,,Stirland
Blutdorf,84,V,Baron Anton Kiesinger,Agriculture,,,,Stirland
Kirchham,66,V,Baron Kiesinger,Sheep,,,,Stirland
Merzenstein,38,V,Baron Kiesinger,Subsistence,,,,Stirland
Steinwald,62,V,Baron Kiesinger,Agriculture,,,,Stirland
Enzesburg,88,V,Baron Leonhard Eucken,"Agriculture, Sheep",,,,Stirland
Batzlow,74,V,Baron Eucken,"Agriculture, Sheep",,,,Stirland
Gernheim,44,V,Baron Eucken,Subsistence,,,,Stirland
Warnick,42,V,Baron Eucken,Subsistence,,,,Stirland
Franzen,345,ST,Count Artur von Treitschke,"Agriculture, Fishing",,,,Stirland
Chrobok,84,V,Count von Treitschke,Agriculture,,,,Stirland
Ebeleben,44,V,Count von Treitschke,Subsistence,,,,Stirland
Greussen,54,V,Count von Treitschke,Agriculture,,,,Stirland
Krusdorf,42,V,Count von Treitschke,Subsistence,,,,Stirland
Leitersdorf,46,V,Count von Treitschke,Subsistence,,,,Stirland
Russbach,34,V,Count von Treitschke,Subsistence,,,,Stirland
Trebra,62,V,Count von Treitschke,Agriculture,,,,Stirland
Walburgen,38,V,Count von Treitschke,Subsistence,,,,Stirland
Grusserl,98,V,Grandmaster Willibald Münsterburg,"Agriculture, Wine, Sheep",,Abbey of St.,,Stirland
Bärnbach,34,V,Grandmaster Münsterburg,Subsistence,,,,Stirland
Hirtenfeld,58,V,Grandmaster Münsterburg,Subsistence,,,,Stirland
Texing,69,V,Grandmaster Münsterburg,Agriculture,,,,Stirland
Halstedt,275,ST,Count Erich von Halstedt,"Agriculture, Cattle",,,,Stirland
Glatzau,34,V,Count von Halstedt,Subsistence,,,,Stirland
Meiselding,42,V,Count von Halstedt,Subsistence,,,,Stirland
Raab,41,V,Count von Halstedt,Subsistence,,,,Stirland
Tenneck,75,V,Count von Halstedt,Agriculture,,,,Stirland
Vorchdorf,43,V,Count von Halstedt,Subsistence,,,,Stirland
Hornau,520,ST,Count Konrad von Krieglitz,"Trade, Agriculture, Metal",,,,Stirland
Drebkau,98,V,Count von Krieglitz,"Agriculture, Wine",,Abbey of St.,,Stirland
Eichenbrunn,88,V,Count von Krieglitz,"Agriculture, Government",,,,Stirland
Kirnhügel,125,M,Count von Krieglitz,Mining,,,,Stirland
Schlierbach,52,V,Count von Krieglitz,Subsistence,,,,Stirland
Langwald,86,V,Baron Erich von Langwald,Agriculture,,,,Stirland
Lichtenau,54,V,Baron von Langwald,Agriculture,,,,Stirland
Marklissa,62,V,Baron von Langwald,"Agriculture, Sheep",,,,Stirland
Tadten,78,V,Baron von Langwald,Agriculture,,,,Stirland
Marburg,102,T,Baron Immanuel Krebs,Agriculture,,,,Stirland
Haibach,37,V,Baron Krebs,Subsistence,,,,Stirland
Kalenzig,54,V,Baron Krebs,Timber,,,,Stirland
Kutzdorf,2513,V,Baron Krebs,,,,,Stirland
Oehling,39,V,Baron Krebs,Subsistence,,,,Stirland
Wilkersdorf,38,V,Baron Krebs,Subsistence,,,,Stirland
Winhausen,42,V,Baron Krebs,Subsistence,,,,Stirland
Münzhausen,435,ST,Count Paulus von Schliestein,"Trade, Timber, Woodcraft",,,,Stirland
Esternkirchen,38,V,Count von Schliestein,Timber,,,,Stirland
Klam,85,V,Count von Schliestein,"Agriculture, Timber",,,,Stirland
Pramet,66,V,Count von Schliestein,"Agriculture, Wine",,,,Stirland
Niedling,97,V,Baron Kurt Brüning,Agriculture,,,,Stirland
Eisenhügel,88,M,Baron Brüning,Ore,,,,Stirland
Friesach,78,V,Baron Brüning,Agriculture,,,,Stirland
Kainbach,64,V,Baron Brüning,Agriculture,,,,Stirland
Liebenau,56,V,Baron Brüning,Timber,,,,Stirland
Murau,75,V,Baron Brüning,Agriculture,,,,Stirland
Zieldorf,62,V,Baron Brüning,Subsistence,,,,Stirland
Ohlsdorf,92,V,Baron Heinz Lassalle,Sheep,,,,Stirland
Pötting,98,V,Baron Samuel Lenard,"Trade, Agriculture, Sheep",,,,Stirland
Pürgg,84,V,Baron Rudolf Heine,Sheep,,,,Stirland
Scheibbs,325,ST,Count Ralf Anderssen Krieglitz,"Trade, Cattle",,Ferry across River Aver.,,Stirland
Gnesau,33,V,Count Anderssen Krieglitz,Subsistence,,,,Stirland
Ossiach,41,V,Count Anderssen Krieglitz,Subsistence,,,,Stirland
Vigaun,68,V,Count Anderssen Krieglitz,Agriculture,,,,Stirland
Schöllach,89,V,Baron Reinhardt Delbrück,"Agriculture, Fishing",,,,Stirland
Dalgetin,44,V,Baron Delbrück,Subsistence,,,,Stirland
Gorgast,48,V,Baron Delbrück,Subsistence,,,,Stirland
Hathenow,60,V,Baron Delbrück,Agriculture,,,,Stirland
Siegfriedhof,320,ST,Grandmaster Mauther,"Agriculture, Government, Timber",,Abbey of St.,,Stirland
Janov,56,V,Grandmaster Mauther,Ore,,,,Stirland
Karle,64,V,Grandmaster Mauther,Ore,,,,Stirland
Osik,78,V,Grandmaster Mauther,Agriculture,,,,Stirland
Vanov,42,V,Grandmaster Mauther,Subsistence,,,,Stirland
Žandov,66,V,Grandmaster Mauther,Agriculture,,,,Stirland
Sigmaringen,875,ST,Countess Alexandra von Münsterberg,"Agriculture, Wool, Sheep",,Ferry across Blue Reach.,,Stirland
Hardenburg,98,V,Countess von Münsterberg,"Agriculture, Sheep",,,,Stirland
Kaunitz,54,V,Countess von Münsterberg,Subsistence,,,,Stirland
Steuben,48,V,Countess von Münsterberg,Subsistence,,,,Stirland
Sonnigwiese,72,V,Baron Otto von Stämmigeiche,Agriculture,,,,Stirland
Steinbachtal,163,ST,,"Agriculture, Timber",,,,Stirland
Vorderbergen,26,V,,Subsistence,,,,Stirland
Wurzerln,45,V,,Subsistence,,monastery of the Order of the Anvil nearby.,,Stirland
Thalheim,86,V,Baron Helmut Rathenau,Agriculture,,,,Stirland
Raxonkirch,24,V,Baron Rathenau,Subsistence,,,,Stirland
Ysper,32,V,Baron Rathenau,Subsistence,,,,Stirland
Zilcher,38,V,Baron Rathenau,Subsistence,,,,Stirland
Wolfsbach,340,ST,Countess Magda von Bildhofen,"Agriculture, Wool",,,,Stirland
Bildhofen,93,V,Countess von Bildhofen,"Agriculture, Sheep",,,,Stirland
Eitweg,28,V,Countess von Bildhofen,Subsistence,,,,Stirland
Freiland,30,V,Countess von Bildhofen,Subsistence,,,,Stirland
Twimkirch,77,V,Countess von Bildhofen,"Agriculture, Sheep",,Monastery of St.,,Stirland
Wördern,425,ST,Graf Haupt Anderssen,"Agriculture, Wool, Sheep",,,,Stirland
Kelham,52,V,Graf Haupt Anderssen,Subsistence,,,,Stirland
Nussbach,74,V,Graf Haupt Anderssen,Agriculture,,,,Stirland
Selzthal,50,V,Graf Haupt Anderssen,Subsistence,,,,Stirland
Torren,46,V,Graf Haupt Anderssen,"Agriculture, Timber, Subsistence",,Guards Praager Road ford at the River Melk.,,Stirland
Ahlbeck,98,V,Baron Anton Grillparzer,"Agriculture, Fishing",,,,Talabecland
Ockrilla,34,V,Baron Grillparzer,Subsistence,,,,Talabecland
Bratian,94,V,Baron Bernhardt von Krieglitz,"Agriculture, Fishing",,,,Talabecland
Mewe,46,V,Baron Bernhardt von Krieglitz,Subsistence,,,,Talabecland
Bek,750,ST,Count Josef von Behring,"Agriculture, Fishing",,Ferry across River Talabec.,,Talabecland
Freital,78,V,Count von Behring,Timber,,,,Talabecland
Hartha,34,V,Count von Liebig,Subsistence,,,,Talabecland
Nischwitz,42,V,Count von Liebig,Subsistence,,,,Talabecland
Viernau,92,V,Count von Behring,Fishing,,Ferry across River Talabec.,,Talabecland
Garndorf,96,V,Count Theodor von Herder,"Agriculture, Fishing",,,,Talabecland
Börln,43,V,Count von Herder,Subsistence,,,,Talabecland
Törpin,82,V,Count von Herder,Agriculture,,,,Talabecland
Werder,67,V,Count von Herder,Subsistence,,,,Talabecland
Gersdorf,425,ST,Count Gottfried von Liebig,"Trade, Timber, Fishing",,,,Talabecland
Dohna,88,V,Count von Liebig,Agriculture,,,,Talabecland
Ostra,46,V,Count von Liebig,Subsistence,,,,Talabecland
Sabritz,94,V,Count von Liebig,Agriculture,,,,Talabecland
Zellin,44,V,Count von Liebig,Timber,,,,Talabecland
Grunwald,120,ST,Countess Greta von Webern,"Agriculture, Timber, Fishing",,Ferry across River Talabec.,,Talabecland
Kom,49,V,Countess von Webern,Subsistence,,,,Talabecland
Ostrody,37,V,Countess von Webern,Subsistence,,,,Talabecland
Guttow,78,V,Baron Ludolf Erhard,Agriculture,,,,Talabecland
Hermsdorf,350,ST,Baron Jurgen von Radische,"Agriculture, Timber",,,,Talabecland
Arnstein,38,V,Baron von Radische,Subsistence,,,,Talabecland
Fladungen,55,V,Baron von Radische,Agriculture,,,,Talabecland
Gössenheim,78,V,Baron von Radische,Timber,,,,Talabecland
Hammelburg,92,V,Baron von Radische,Agriculture,,,,Talabecland
Leisnig,38,V,Baron von Radische,Subsistence,,,,Talabecland
Radische,79,V,Baron von Radische,Agriculture,,,,Talabecland
Zausswitz,44,V,Baron von Radische,Subsistence,,,,Talabecland
Kappelheim,680,ST,Baron Wilhelm von Syberg,"Agriculture, Timber",,,,Talabecland
Brodau,32,V,Baron von Syberg,Subsistence,,,,Talabecland
Ertburg,62,V,Baron von Syberg,Agriculture,,,,Talabecland
Schwätz,27,V,Baron von Syberg,Subsistence,,,,Talabecland
Kortlheim,87,V,Count Rupert von Mackensen,Agriculture,,,,Talabecland
Krugenheim,4,T,Count Manfred von Schirach,"Trade, Agriculture, Fishing",,,,Talabecland
Aufsess,62,V,Count von Schirach,Subsistence,,,,Talabecland
Baunach,68,V,Count von Schirach,Agriculture,,,,Talabecland
Eisenschaft,90,M,Count von Schirach,,,Fortified mine.,,Talabecland
Hälse,72,V,Count von Schirach,Agriculture,,,,Talabecland
Hazelhof,88,V,Count von Schirach,"Agriculture, Cattle",,,,Talabecland
Kreuma,36,V,Count von Schirach,Subsistence,,,,Talabecland
Kupferfeld,84,M,Count von Schirach,,,Fortified mine.,,Talabecland
Queis,52,V,Count von Schirach,Agriculture,,,,Talabecland
Pretzfeld,76,V,Count von Schirach,Agriculture,,,,Talabecland
Roth,42,V,Count von Schirach,,,,,Talabecland
Scheinach,65,V,Count von Schirach,"Agriculture, Wool, Sheep",,Fortified mine.,,Talabecland
Zinngraben,77,M,Count von Schirach,,,Fortified mine.,,Talabecland
Lieske,97,V,Baron Albrecht Dönitz,Timber,,,,Talabecland
Eltmann,36,V,Baron Dönitz,Subsistence,,,,Talabecland
Kirchlauter,74,V,Baron Dönitz,Ore,,,,Talabecland
Mauk,68,V,Baron Dönitz,Timber,,,,Talabecland
Zeil,63,V,Baron Dönitz,"Wool, Sheep",,,,Talabecland
Obelheim,435,ST,Count Helmut Feuerbach,"Trade, Timber, Ore",,,,Talabecland
Badau,56,V,Count Feuerbach,"Agriculture, Mining",,,,Talabecland
Horno,78,V,Count Feuerbach,"Agriculture, Timber",,,,Talabecland
Milda,35,V,Count Feuerbach,Subsistence,,,,Talabecland
Ossino,68,V,Baron Kurt Bruckner,"Agriculture, Fishing",,,,Talabecland
Burk,54,V,Baron Bruckner,Agriculture,,,,Talabecland
Eisenholz,33,V,Baron Bruckner,Timber,,,,Talabecland
Ornbau,56,V,Baron Bruckner,Agriculture,,,,Talabecland
Wernfels,48,V,Baron Bruckner,Timber,,,,Talabecland
Wiesth,32,V,Baron Bruckner,Subsistence,,,,Talabecland
Raddis,78,V,Baron Eduard Bebel,Agriculture,,,,Talabecland
Rangenhof,108,ST,Baron Leberecht Fröbel,"Agriculture, Fishing",,,,Talabecland
Eussenheim,62,V,Baron Fröbel,Subsistence,,,,Talabecland
Gostahof,76,V,Baron Fröbel,Timber,,,,Talabecland
Rügland,58,V,Baron Fröbel,Subsistence,,,,Talabecland
Zützen,64,V,Baron Fröbel,"Agriculture, Sheep",,,,Talabecland
Ravenstein,450,ST,Duchess Elisabet von Krieglitz,"Agriculture, Timber, Fishing",,Ferry across the River Talabec.,,Talabecland
Craula,45,V,Duchess von Krieglitz,Subsistence,,,,Talabecland
Klepzig,82,V,Duchess von Krieglitz,Agriculture,,,,Talabecland
Stratenheim,690,ST,Duke Reiner von Stratenheim,"Agriculture, Timber",,,,Talabecland
Elstra,65,V,Duke von Stratenheim,Agriculture,,,,Talabecland
Oppitz,74,V,Duke von Stratenheim,Agriculture,,,,Talabecland
Wellheim,,V,,,,,,Talabecland
Teupitz,86,V,Baron Matthias Keitel,"Agriculture, Fishing",,,,Talabecland
Unterbaum,83,V,Assembly,Agriculture,,,,Talabecland
Volgen,865,T,Duchess von Krieglitz,"Agriculture, Timber, Fishing",,,,Talabecland
Brasthof,37,V,Duchess von Krieglitz,Subsistence,,,,Talabecland
Esselfurt,48,V,Duchess von Krieglitz,"Agriculture, Fishing",,,,Talabecland
Priestlicheim,42,V,Duchess von Krieglitz,Agriculture,,,,Talabecland
Ripdorf,32,V,Duchess von Krieglitz,Subsistence,,,,Talabecland
Sudenheim,58,V,Duchess von Krieglitz,Agriculture,,,,Talabecland
Zeder,40,V,Duchess von Krieglitz,Subsistence,,,,Talabecland
Welleborn,95,V,Count Ulrich von Bülow,Agriculture,,,,Talabecland
Missen,86,V,Count von Bülow,Timber,,,,Talabecland
Sydow,45,V,Count von Bülow,Subsistence,,,,Talabecland
Trebbus,54,V,Count von Bülow,Subsistence,,,,Talabecland
Wiedebach,89,V,Baron Niklaus von Wiedebach,Agriculture,,,,Talabecland
Einsamwiese,48,V,Baron von Wiedebach,Agriculture,,,,Talabecland
Falkenburg,56,V,Baron von Wiedebach,Subsistence,,,,Talabecland
Zurin,90,V,Baron Franz Richter,"Agriculture, Fishing",,,,Talabecland
Sarno,35,V,Baron Richter,"Trade, Agriculture, Government, Fishing, Subsistence",,Provincial capital until 2515 when it was moved to Talabheim.,,Talabecland
Talabheim,4,CS,,"Trade, Agriculture, Government",,provincial capital.,,Talabecland
Bachra,78,V,Duchess Krieglitz Untermensch,"Agriculture, Subsistence",,Ferry across River Talabec.,,Talabecland
Breitblatt,67,V,Duchess Krieglitz Untermensch,Subsistence,,,,Talabecland
Grossreiche,78,V,Duchess Krieglitz Untermensch,Agriculture,,,,Talabecland
Gründach,65,V,Duchess Krieglitz Untermensch,Subsistence,,,,Talabecland
Harferfähre,92,V,Duchess Krieglitz Untermensch,"Agriculture, Fishing",,,,Talabecland
Hernhausen,85,V,Duchess Krieglitz Untermensch,Agriculture,,,,Talabecland
Klarfeld,57,V,Duchess Krieglitz Untermensch,Agriculture,,,,Talabecland
Kutzleben,45,V,Duchess Krieglitz Untermensch,Timber,,,,Talabecland
Liebstedt,47,V,Duchess Krieglitz Untermensch,Subsistence,,,,Talabecland
Rotha,52,V,Duchess Krieglitz Untermensch,Subsistence,,,,Talabecland
Sprötau,94,V,Duchess Krieglitz Untermensch,"Agriculture, Fishing",,Ferry across River Talabec.,,Talabecland
Sumpfrand,42,V,Duchess Krieglitz Untermensch,Subsistence,,,,Talabecland
Talagaad,450,ST,Duchess Krieglitz Untermensch,"Trade, Agriculture, Timber, Fishing",,,,Talabecland
Urhausen,35,V,Duchess Krieglitz Untermensch,Subsistence,,,,Talabecland
Vateresche,35,V,Duchess Krieglitz Untermensch,Agriculture,,,,Talabecland
Waldfährte,80,V,Duchess Krieglitz Untermensch,"Agriculture, Timber",,,,Talabecland
Wissenburg,4,T,Grand Countess Emmanuelle von Liebewitz,"Trade, Government, Ore",,,,Wissenland
Dotternbach,95,V,Grand Countess von Liebewitz,Wool,,,,Wissenland
Dottrahof,68,V,Grand Countess von Liebewitz,,,,,Wissenland
Grätz,32,V,Grand Countess von Liebewitz,,,,,Wissenland
Haigerbach,48,V,Grand Countess von Liebewitz,Agriculture,,monastery of the Sigmarite Templar Order of Black Hammers (Grandmaster Marius von Plauten).,,Wissenland
Höslwang,24,V,Grand Countess von Liebewitz,Subsistence,,,,Wissenland
Maselhof,32,V,Grand Countess von Liebewitz,Subsistence,,,,Wissenland
Rohrhausen,90,V,Grand Countess von Liebewitz,"Agriculture, Wine",,,,Wissenland
Steinheim,86,V,Grand Countess von Liebewitz,,,,,Wissenland
Stonecarver,210,ST,Grand Countess von Liebewitz,,,,,Wissenland
Waltershofen,44,V,Grand Countess von Liebewitz,Subsistence,,,,Wissenland
Weningen,43,V,Grand Countess von Liebewitz,Agriculture,,,,Wissenland
Windisch,35,V,Grand Countess von Liebewitz,,,,,Wissenland
Ballenhof,98,V,Baron Anton Domagk,"Agriculture, Fishing",,,,Wissenland
Arget,26,V,Baron Domagk,Timber,,,,Wissenland
Gestratz,21,V,Baron Domagk,Subsistence,,,,Wissenland
Bedernau,86,V,Baroness Theresa Delbrück,"Agriculture, Fishing, Wine",,,,Wissenland
Hofstetten,34,V,Baroness Delbrück,Agriculture,,,,Wissenland
Sontheim,38,V,Baroness Delbrück,Agriculture,,,,Wissenland
Deutzen,45,V,Assembly,Subsistence,,,,Wissenland
Ellenwangen,88,V,Baron Werner Fröbel,Agriculture,,,,Wissenland
Dessau,29,V,Baron Fröbel,Timber,,,,Wissenland
Herfatz,22,V,Baron Fröbel,Subsistence,,,,Wissenland
Eppiswald,155,ST,,"Fishing, Wine",,Abbey of St.,,Wissenland
Gutach,54,V,,Subsistence,,,,Wissenland
Kluftern,68,V,,Agriculture,,,,Wissenland
Lenzfeld,42,V,,Subsistence,,,,Wissenland
Todtmoos,87,V,,Timber,,,,Wissenland
Erbshausen,74,V,,"Agriculture, Wine",,Abbey of St.,,Wissenland
Madau,43,V,,Timber,,,,Wissenland
Rusch,28,V,,Agriculture,,,,Wissenland
Geschburg,600,ST,Baroness Etelka Toppenheimer,"Trade, Agriculture",,,,Wissenland
Althausen,83,V,Baroness Toppenheimer,"Wine, Wool",,,,Wissenland
Fluorn,78,V,Baroness Toppenheimer,Agriculture,,,,Wissenland
Puchheim,26,V,Baroness Toppenheimer,Subsistence,,,,Wissenland
Zöblen,28,V,Baroness Toppenheimer,Subsistence,,,,Wissenland
Grissenwald,3,T,Count Bruno Pfeifraucher,"Agriculture, Timber, Fishing",,,,Wissenland
Kröning,23,V,Count Pfeifraucher,Subsistence,,,,Wissenland
Hinkend,72,V,Baron Immanuel Grillparzer,Agriculture,,,,Wissenland
Allach,52,V,Baron Grillparzer,,,,,Wissenland
Aying,45,V,Baron Grillparzer,Mining,,,,Wissenland
Malfurt,42,V,Baron Grillparzer,Agriculture,,,,Wissenland
Moosen,34,V,Baron Grillparzer,Agriculture,,,,Wissenland
Walnussbach,52,V,Baron Grillparzer,Agriculture,,,,Wissenland
Hornfurt,82,V,Baron Mayer Heidegger,Agriculture,,,,Wissenland
Affing,21,V,Baron Heidegger,Subsistence,,,,Wissenland
Hurlach,64,V,Baroness Astrid Toller,"Wool, Sheep",,,,Wissenland
Eresried,23,V,Baroness Toller,Subsistence,,,,Wissenland
Kislegg,28,V,Baroness Toller,Sheep,,,,Wissenland
Jengen,61,V,Baron Ottmar Raeder,Subsistence,,,,Wissenland
Mathon,42,V,Baron Raeder,"Mining, Ore",,,,Wissenland
Tarrenz,54,V,Baron Raeder,"Agriculture, Timber",,,,Wissenland
Kayna,44,V,Assembly,Subsistence,,,,Wissenland
Kelgard,78,V,Count Pfeifraucher,Subsistence,,,,Wissenland
Lauben,61,V,Count Pfeifraucher,Agriculture,,,,Wissenland
Simbach,48,V,Count Pfeifraucher,Pottery,,,,Wissenland
Kolbhügel,65,V,Baron Wolfram Mommsen,Subsistence,,,,Wissenland
Mandling,23,V,Baron Mommsen,Subsistence,,,,Wissenland
Volders,26,V,Baron Mommsen,Subsistence,,,,Wissenland
Kroppenleben,85,V,Baron Johann von Kalb,"Trade, Fur",,,,Wissenland
Ottakring,42,V,Baron von Kalb,"Agriculture, Timber",,,,Wissenland
Kreutzhofen,515,ST,Count Pfeifraucher,"Trade, Agriculture",,,,Wissenland
Camfurt,82,V,Count Pfeifraucher,Timber,,,,Wissenland
Daiting,67,V,Count Pfeifraucher,Agriculture,,,,Wissenland
Monheim,58,V,Count Pfeifraucher,,,,,Wissenland
Serrig,54,V,Count Pfeifraucher,Subsistence,,,,Wissenland
Weilerberg,63,V,Count Pfeifraucher,Agriculture,,,,Wissenland
Mauchen,86,V,Baron Rudolf Brecht,"Wool, Sheep",,,,Wissenland
Hörbranz,42,V,Baron Brecht,Timber,,,,Wissenland
Wilhams,33,V,Baron Brecht,Subsistence,,,,Wissenland
Wolfurt,22,V,Baron Brecht,Subsistence,,,,Wissenland
Mendelhof,95,V,Baron Gorim Axehand,"Agriculture, Metal",,,,Wissenland
Hochsölden,85,V,Baron Axehand,Mining,,,,Wissenland
Schmirn,76,V,Baron Axehand,Timber,,,,Wissenland
Moosach,62,V,Baron Hals Uhland,Subsistence,,,,Wissenland
Aitrang,24,V,Baron Uhland,Subsistence,,,,Wissenland
Nehren,125,ST,Baroness Theresa von Mecklenburg,Agriculture,,Known for its amber ales.,,Wissenland
Aich,56,V,Baroness von Mecklenburg,Agriculture,,,,Wissenland
Fraunburg,64,V,Baroness von Mecklenburg,Agriculture,,Monastery of St.,,Wissenland
Nobitz,32,V,Assembly,Subsistence,,,,Wissenland
Oshausen,96,V,Baron Malmek Axeblade,Agriculture,,,,Wissenland
Blaukopf,32,V,Baron Axeblade,Subsistence,,,,Wissenland
Legau,33,V,Baron Axeblade,Subsistence,,,,Wissenland
Osterzell,88,V,Baroness Rosa Freytag,"Agriculture, Fishing, Mining",,,,Wissenland
Pähl,58,V,Baroness Elise Ostwald,Subsistence,,,,Wissenland
Ranalt,22,V,Baroness Ostwald,Subsistence,,,,Wissenland
Torrach,25,V,Baroness Ostwald,Subsistence,,,,Wissenland
Pforzen,67,V,Baroness Toppenheimer,"Timber, Woodcraft",,,,Wissenland
Haverz,20,V,Baroness Toppenheimer,Subsistence,,,,Wissenland
Rohrhof,98,V,Countess Bergida von Äms,"Wine, Wool",,,,Wissenland
Hürm,53,V,Countess von Äms,"Agriculture, Sheep",,,,Wissenland
Ruhfurt,64,V,Count Matthias von Schliestein,Agriculture,,,,Wissenland
Salmfähre,94,V,Baron Gabriel Kiesinger,"Agriculture, Wine",,,,Wissenland
Hofkirchen,63,V,Baron Kiesinger,"Timber, Fishing",,,,Wissenland
Martinsbuch,43,V,Baron Kiesinger,Agriculture,,,,Wissenland
Scharmbeck,90,V,Baron Vicentus Preiss,Ore,,,,Wissenland
Hardtenau,28,V,Baron Preiss,Subsistence,,,,Wissenland
Lederfeld,45,V,Baron Preiss,Agriculture,,,,Wissenland
Tierhügel,300,M,Baron Preiss,Ore,,,,Wissenland
Sexau,56,V,Baroness Toppenheimer,"Wine, Wool",,,,Wissenland
Diepolz,33,V,Baroness Toppenheimer,Agriculture,,,,Wissenland
Leupolz,24,V,Baroness Toppenheimer,Subsistence,,,,Wissenland
Söchtenau,78,V,Count Bruno Pfeifraucher,Wool,,,,Wissenland
Leogang,26,V,Count Pfeifraucher,Subsistence,,,,Wissenland
Trun,18,V,Count Pfeifraucher,Subsistence,,,,Wissenland
Sonnefurt,114,ST,Baroness Katarina von Heisenberg,"Agriculture, Wool",,,,Wissenland
Ertingen,28,V,Baroness von Heisenberg,Agriculture,,,,Wissenland
Michelfurt,58,V,Baroness von Heisenberg,"Agriculture, Fishing, Subsistence",,,,Wissenland
Thalfang,86,V,Baroness von Heisenberg,"Agriculture, Wine",,,,Wissenland
Wurmbaum,42,V,Baroness von Heisenberg,Subsistence,,,,Wissenland
Sosa,52,V,Assembly,Subsistence,,,,Wissenland
Staig,42,V,Abbot Artur Kepler,Subsistence,,,,Wissenland
Doren,21,V,Abbot Kepler,Subsistence,,,,Wissenland
Rottum,38,V,Abbot Kepler,Subsistence,,,,Wissenland
Steingart,82,V,Baron Frederich Herbart,"Agriculture, Wool, Sheep",,Ferry across River Oggel.,,Wissenland
Krossbach,71,V,Baron Herbart,Sheep,,,,Wissenland
Ollersbach,56,V,Baron Herbart,Sheep,,,,Wissenland
Vals,63,V,Baron Herbart,"Agriculture, Fishing",,,,Wissenland
Trulben,89,V,Countess von Äms,"Agriculture, Metal",,,,Wissenland
Asenham,56,V,Countess von Äms,Subsistence,,,,Wissenland
Rabenden,68,V,Countess von Äms,Subsistence,,,,Wissenland
Ummenbach,88,V,Abbot Heinz Werfel,Subsistence,,monastery nearby.,,Wissenland
Tosens,64,V,Abbot Werfel,Agriculture,,,,Wissenland
Waldbach,78,V,,Subsistence,,Abbey of the Healing Spring.,,Wissenland
Navis,23,V,,Subsistence,,,,Wissenland
Wittenhausen,98,V,Countess von Äms,"Agriculture, Wine",,,,Wissenland
Soyen,28,V,Countess von Äms,Sheep,,,,Wissenland
Wurmgrube,78,V,Baroness von Mecklenburg,Agriculture,,,,Wissenland
Saulgrub,34,V,Baroness von Mecklenburg,Subsistence,,,,Wissenland
Wusterburg,800,ST,Baron Manfred von Eigenhof,"Trade, Agriculture",,,,Wissenland
Eigenhof,98,V,Baron von Eigenhof,Agriculture,,,,Wissenland
Galenhausen,45,V,Baron von Eigenhof,Agriculture,,,,Wissenland
Hitisau,39,V,Baron von Eigenhof,Subsistence,,,,Wissenland
Kell,68,V,Baron von Eigenhof,Agriculture,,,,Wissenland
Rötenbach,65,V,Baron von Eigenhof,Agriculture,,,,Wissenland
Turbenthal,41,V,Baron von Eigenhof,Subsistence,,,,Wissenland
Meissen,700,ST,Grand Countess von Liebewitz,"Trade, Agriculture, Ore",,,,Wissenland
Auggen,65,V,Grand Countess von Liebewitz,Subsistence,,,,Wissenland
Betzigau,56,V,Grand Countess von Liebewitz,Subsistence,,,,Wissenland
Heisenberg,95,V,Grand Countess von Liebewitz,"Agriculture, Wine",,Known for its deep red wines.,,Wissenland
Owingen,32,V,Grand Countess von Liebewitz,Subsistence,,,,Wissenland
Penzfeld,52,V,Grand Countess von Liebewitz,Cattle,,,,Wissenland
Stanzach,48,V,Grand Countess von Liebewitz,Agriculture,,,,Wissenland
Willstätter,46,V,Grand Countess von Liebewitz,Agriculture,,,,Wissenland
Nuln,5,CS,Grand Countess von Liebewitz,"Trade, Government, Wine, Metal",,Monastery of St.,,Wissenland
Ambosstein,80,V,Grand Countess von Liebewitz,"Trade, Agriculture",,,,Wissenland
Armedorf,52,V,Grand Countess von Liebewitz,Subsistence,,,,Wissenland
Arschel,64,V,Grand Countess von Liebewitz,Agriculture,,,,Wissenland
Biberdorf,46,V,Grand Countess von Liebewitz,"Agriculture, Fishing",,,,Wissenland
Bleichdorf,32,V,Grand Countess von Liebewitz,Subsistence,,,,Wissenland
Brandtstadt,52,V,Grand Countess von Liebewitz,Agriculture,,,,Wissenland
Braundorf,62,V,Grand Countess von Liebewitz,"Agriculture, Fishing",,,,Wissenland
Eschedorf,47,V,Grand Countess von Liebewitz,"Agriculture, Fishing",,,,Wissenland
Furtzhausen,74,V,Grand Countess von Liebewitz,"Trade, Agriculture, Fur",,,,Wissenland
Königsdorf,52,V,Grand Countess von Liebewitz,Agriculture,,,,Wissenland
Kotzenheim,61,V,Grand Countess von Liebewitz,"Trade, Agriculture, Fishing",,,,Wissenland
Krauthof,42,V,Grand Countess von Liebewitz,Agriculture,,,,Wissenland
Mattersheim,37,V,Grand Countess von Liebewitz,"Agriculture, Fishing",,,,Wissenland
Segeldorf,48,V,Grand Countess von Liebewitz,Agriculture,,,,Wissenland
Wahnfurt,32,V,Grand Countess von Liebewitz,Subsistence,,,,Wissenland
Winkelhausen,62,V,Grand Countess von Liebewitz,Agriculture,,,,Wissenland
Wurstheim,78,V,Grand Countess von Liebewitz,Agriculture,,,,Wissenland
Zecher,32,V,Grand Countess von Liebewitz,Subsistence,,,,Wissenland
Pfeildorf,3,T,Baroness Toppenheimer,"Trade, Fishing",,provincial capital of Sudenland until 2515. Former Capital of Sölland and provincial capital of Sudenland until 2515.,,Wissenland
Bernau,90,V,Baroness Toppenheimer,"Agriculture, Wool",,,,Wissenland
Durbheim,92,V,Baroness Toppenheimer,Agriculture,,,,Wissenland
Elzach,87,V,Baroness Toppenheimer,Fishing,,,,Wissenland
Fulgenstadt,52,V,Baroness Toppenheimer,Agriculture,,,,Wissenland
Gerechtfeld,76,V,Baroness Toppenheimer,Agriculture,,,,Wissenland
Hausern,56,V,Baroness Toppenheimer,Subsistence,,,,Wissenland
Mecklenburg,94,V,Baroness Toppenheimer,"Agriculture, Wool",,,,Wissenland
Nebelhausen,45,V,Baroness Toppenheimer,Subsistence,,,,Wissenland
Neukirch,51,V,Baroness Toppenheimer,Subsistence,,,,Wissenland
Possenhof,47,V,Baroness Toppenheimer,Subsistence,,,,Wissenland
Rosenhausen,48,V,Baroness Toppenheimer,Agriculture,,,,Wissenland
Schaffenhof,64,V,Baroness Toppenheimer,Agriculture,,,,Wissenland
Tannau,39,V,Baroness Toppenheimer,Subsistence,,,,Wissenland
